year,precipitation
2018,2.8224787084
2019,2.7332801996666665
2020,1.7659493595466664
2021,2.5314800427999997
2022,2.0177303817266665
2023,1.8932102260333334
